INSERT INTO users (id, email, password, location) VALUES (100, 'alex@example.com', '$2a$10$8.UnVuG9HHgffUDAlk8qnO6p5EWC19S22TKJ1NfW8WB3BvD6eByE2', 'San Francisco, CA') ON CONFLICT (id) DO NOTHING;
INSERT INTO profile (user_id, nickname, bio, image_url, age, gender) VALUES (100, 'Alex Thompson', 'Senior Fullstack Engineer. Coffee & Clean Code.', 'https://api.dicebear.com/7.x/avataaars/svg?seed=Alex Thompson', 28, 'Developer') ON CONFLICT (user_id) DO UPDATE SET nickname = EXCLUDED.nickname, bio = EXCLUDED.bio, image_url = EXCLUDED.image_url;
INSERT INTO profile_interest (user_id, interest) VALUES (100, 'Full-Stack') ON CONFLICT DO NOTHING;
INSERT INTO profile_interest (user_id, interest) VALUES (100, 'React') ON CONFLICT DO NOTHING;
INSERT INTO profile_interest (user_id, interest) VALUES (100, 'Node.js') ON CONFLICT DO NOTHING;
INSERT INTO users (id, email, password, location) VALUES (101, 'sarah@example.com', '$2a$10$8.UnVuG9HHgffUDAlk8qnO6p5EWC19S22TKJ1NfW8WB3BvD6eByE2', 'Berlin, Germany') ON CONFLICT (id) DO NOTHING;
INSERT INTO profile (user_id, nickname, bio, image_url, age, gender) VALUES (101, 'Sarah Miller', 'Frontend Architect | React & TypeScript enthusiast.', 'https://api.dicebear.com/7.x/avataaars/svg?seed=Sarah Miller', 28, 'Developer') ON CONFLICT (user_id) DO UPDATE SET nickname = EXCLUDED.nickname, bio = EXCLUDED.bio, image_url = EXCLUDED.image_url;
INSERT INTO profile_interest (user_id, interest) VALUES (101, 'Frontend') ON CONFLICT DO NOTHING;
INSERT INTO profile_interest (user_id, interest) VALUES (101, 'TypeScript') ON CONFLICT DO NOTHING;
INSERT INTO profile_interest (user_id, interest) VALUES (101, 'React') ON CONFLICT DO NOTHING;
INSERT INTO users (id, email, password, location) VALUES (102, 'mike@example.com', '$2a$10$8.UnVuG9HHgffUDAlk8qnO6p5EWC19S22TKJ1NfW8WB3BvD6eByE2', 'London, UK') ON CONFLICT (id) DO NOTHING;
INSERT INTO profile (user_id, nickname, bio, image_url, age, gender) VALUES (102, 'Michael Chen', 'Data Scientist focused on AI/ML. Python & R expert.', 'https://api.dicebear.com/7.x/avataaars/svg?seed=Michael Chen', 28, 'Developer') ON CONFLICT (user_id) DO UPDATE SET nickname = EXCLUDED.nickname, bio = EXCLUDED.bio, image_url = EXCLUDED.image_url;
INSERT INTO profile_interest (user_id, interest) VALUES (102, 'AI/ML') ON CONFLICT DO NOTHING;
INSERT INTO profile_interest (user_id, interest) VALUES (102, 'Python') ON CONFLICT DO NOTHING;
INSERT INTO profile_interest (user_id, interest) VALUES (102, 'Back-End') ON CONFLICT DO NOTHING;
INSERT INTO users (id, email, password, location) VALUES (103, 'emily@example.com', '$2a$10$8.UnVuG9HHgffUDAlk8qnO6p5EWC19S22TKJ1NfW8WB3BvD6eByE2', 'Toronto, Canada') ON CONFLICT (id) DO NOTHING;
INSERT INTO profile (user_id, nickname, bio, image_url, age, gender) VALUES (103, 'Emily Rodriguez', 'Systems Programmer. Rust is my language of choice.', 'https://api.dicebear.com/7.x/avataaars/svg?seed=Emily Rodriguez', 28, 'Developer') ON CONFLICT (user_id) DO UPDATE SET nickname = EXCLUDED.nickname, bio = EXCLUDED.bio, image_url = EXCLUDED.image_url;
INSERT INTO profile_interest (user_id, interest) VALUES (103, 'Rust') ON CONFLICT DO NOTHING;
INSERT INTO profile_interest (user_id, interest) VALUES (103, 'Back-End') ON CONFLICT DO NOTHING;
INSERT INTO profile_interest (user_id, interest) VALUES (103, 'Open Source') ON CONFLICT DO NOTHING;
INSERT INTO users (id, email, password, location) VALUES (104, 'jason@example.com', '$2a$10$8.UnVuG9HHgffUDAlk8qnO6p5EWC19S22TKJ1NfW8WB3BvD6eByE2', 'Austin, TX') ON CONFLICT (id) DO NOTHING;
INSERT INTO profile (user_id, nickname, bio, image_url, age, gender) VALUES (104, 'Jason Wilson', 'DevOps Engineer. Automating the world one script at a time.', 'https://api.dicebear.com/7.x/avataaars/svg?seed=Jason Wilson', 28, 'Developer') ON CONFLICT (user_id) DO UPDATE SET nickname = EXCLUDED.nickname, bio = EXCLUDED.bio, image_url = EXCLUDED.image_url;
INSERT INTO profile_interest (user_id, interest) VALUES (104, 'DevOps') ON CONFLICT DO NOTHING;
INSERT INTO profile_interest (user_id, interest) VALUES (104, 'Linux') ON CONFLICT DO NOTHING;
INSERT INTO profile_interest (user_id, interest) VALUES (104, 'Docker') ON CONFLICT DO NOTHING;
INSERT INTO users (id, email, password, location) VALUES (105, 'nina@example.com', '$2a$10$8.UnVuG9HHgffUDAlk8qnO6p5EWC19S22TKJ1NfW8WB3BvD6eByE2', 'Tel Aviv, Israel') ON CONFLICT (id) DO NOTHING;
INSERT INTO profile (user_id, nickname, bio, image_url, age, gender) VALUES (105, 'Nina Petrov', 'Cybersecurity Researcher. Ethical hacker & security advocate.', 'https://api.dicebear.com/7.x/avataaars/svg?seed=Nina Petrov', 28, 'Developer') ON CONFLICT (user_id) DO UPDATE SET nickname = EXCLUDED.nickname, bio = EXCLUDED.bio, image_url = EXCLUDED.image_url;
INSERT INTO profile_interest (user_id, interest) VALUES (105, 'Cyber-Security') ON CONFLICT DO NOTHING;
INSERT INTO profile_interest (user_id, interest) VALUES (105, 'Linux') ON CONFLICT DO NOTHING;
INSERT INTO profile_interest (user_id, interest) VALUES (105, 'Rust') ON CONFLICT DO NOTHING;
INSERT INTO users (id, email, password, location) VALUES (106, 'leo@example.com', '$2a$10$8.UnVuG9HHgffUDAlk8qnO6p5EWC19S22TKJ1NfW8WB3BvD6eByE2', 'Tokyo, Japan') ON CONFLICT (id) DO NOTHING;
INSERT INTO profile (user_id, nickname, bio, image_url, age, gender) VALUES (106, 'Leo Yamamoto', 'Backend Specialist. Java/Spring Boot is my jam.', 'https://api.dicebear.com/7.x/avataaars/svg?seed=Leo Yamamoto', 28, 'Developer') ON CONFLICT (user_id) DO UPDATE SET nickname = EXCLUDED.nickname, bio = EXCLUDED.bio, image_url = EXCLUDED.image_url;
INSERT INTO profile_interest (user_id, interest) VALUES (106, 'Back-End') ON CONFLICT DO NOTHING;
INSERT INTO profile_interest (user_id, interest) VALUES (106, 'Java') ON CONFLICT DO NOTHING;
INSERT INTO profile_interest (user_id, interest) VALUES (106, 'PostgreSQL') ON CONFLICT DO NOTHING;
INSERT INTO users (id, email, password, location) VALUES (107, 'clara@example.com', '$2a$10$8.UnVuG9HHgffUDAlk8qnO6p5EWC19S22TKJ1NfW8WB3BvD6eByE2', 'Paris, France') ON CONFLICT (id) DO NOTHING;
INSERT INTO profile (user_id, nickname, bio, image_url, age, gender) VALUES (107, 'Clara Dubois', 'Vibe Coder. Building beautiful things with React & Tailwind.', 'https://api.dicebear.com/7.x/avataaars/svg?seed=Clara Dubois', 28, 'Developer') ON CONFLICT (user_id) DO UPDATE SET nickname = EXCLUDED.nickname, bio = EXCLUDED.bio, image_url = EXCLUDED.image_url;
INSERT INTO profile_interest (user_id, interest) VALUES (107, 'Vibe Coding') ON CONFLICT DO NOTHING;
INSERT INTO profile_interest (user_id, interest) VALUES (107, 'Frontend') ON CONFLICT DO NOTHING;
INSERT INTO profile_interest (user_id, interest) VALUES (107, 'React') ON CONFLICT DO NOTHING;
INSERT INTO users (id, email, password, location) VALUES (108, 'dave@example.com', '$2a$10$8.UnVuG9HHgffUDAlk8qnO6p5EWC19S22TKJ1NfW8WB3BvD6eByE2', 'Seattle, WA') ON CONFLICT (id) DO NOTHING;
INSERT INTO profile (user_id, nickname, bio, image_url, age, gender) VALUES (108, 'David Smith', 'Just a dev trying to fix my own bugs.', 'https://api.dicebear.com/7.x/avataaars/svg?seed=David Smith', 28, 'Developer') ON CONFLICT (user_id) DO UPDATE SET nickname = EXCLUDED.nickname, bio = EXCLUDED.bio, image_url = EXCLUDED.image_url;
INSERT INTO profile_interest (user_id, interest) VALUES (108, 'Full-Stack') ON CONFLICT DO NOTHING;
INSERT INTO profile_interest (user_id, interest) VALUES (108, 'JavaScript') ON CONFLICT DO NOTHING;
INSERT INTO profile_interest (user_id, interest) VALUES (108, 'Python') ON CONFLICT DO NOTHING;
INSERT INTO users (id, email, password, location) VALUES (109, 'tina@example.com', '$2a$10$8.UnVuG9HHgffUDAlk8qnO6p5EWC19S22TKJ1NfW8WB3BvD6eByE2', 'Stockholm, Sweden') ON CONFLICT (id) DO NOTHING;
INSERT INTO profile (user_id, nickname, bio, image_url, age, gender) VALUES (109, 'Tina Carlson', 'CTO & Open Source contributor. Scaling systems.', 'https://api.dicebear.com/7.x/avataaars/svg?seed=Tina Carlson', 28, 'Developer') ON CONFLICT (user_id) DO UPDATE SET nickname = EXCLUDED.nickname, bio = EXCLUDED.bio, image_url = EXCLUDED.image_url;
INSERT INTO profile_interest (user_id, interest) VALUES (109, 'CTO') ON CONFLICT DO NOTHING;
INSERT INTO profile_interest (user_id, interest) VALUES (109, 'Scaling') ON CONFLICT DO NOTHING;
INSERT INTO profile_interest (user_id, interest) VALUES (109, 'Back-End') ON CONFLICT DO NOTHING;
INSERT INTO posts (id, content, type, created_at, author_id, user_id, likes_count) VALUES (100, 'Just refactored a legacy service to use Rust. The memory safety and performance gains are incredible! #RustLang', 'text', '2026-05-04 13:31:00', 109, 109, 0) ON CONFLICT (id) DO UPDATE SET content = EXCLUDED.content, author_id = EXCLUDED.author_id, user_id = EXCLUDED.user_id;
INSERT INTO posts (id, content, type, created_at, author_id, user_id, likes_count) VALUES (101, 'Why is CSS centering still so difficult in 2026? Just kidding, Flexbox saved us all.', 'text', '2026-05-03 22:31:00', 107, 107, 0) ON CONFLICT (id) DO UPDATE SET content = EXCLUDED.content, author_id = EXCLUDED.author_id, user_id = EXCLUDED.user_id;
INSERT INTO posts (id, content, type, created_at, author_id, user_id, likes_count) VALUES (102, 'Deep diving into LLMs today. Building a local RAG system with Llama 3. The future is here.', 'text', '2026-05-03 17:31:00', 103, 103, 0) ON CONFLICT (id) DO UPDATE SET content = EXCLUDED.content, author_id = EXCLUDED.author_id, user_id = EXCLUDED.user_id;
INSERT INTO posts (id, content, type, created_at, author_id, user_id, likes_count) VALUES (103, 'System design tip: Always assume the network will fail. Build for resilience.', 'text', '2026-05-04 18:31:00', 103, 103, 0) ON CONFLICT (id) DO UPDATE SET content = EXCLUDED.content, author_id = EXCLUDED.author_id, user_id = EXCLUDED.user_id;
INSERT INTO posts (id, content, type, created_at, author_id, user_id, likes_count) VALUES (104, 'React 19 features are looking sharp! Can''t wait to use useActionState in production.', 'text', '2026-05-03 17:31:00', 108, 108, 0) ON CONFLICT (id) DO UPDATE SET content = EXCLUDED.content, author_id = EXCLUDED.author_id, user_id = EXCLUDED.user_id;
INSERT INTO posts (id, content, type, created_at, author_id, user_id, likes_count) VALUES (105, 'Dockerizing everything. My local machine has never been cleaner.', 'text', '2026-05-05 01:31:00', 100, 100, 0) ON CONFLICT (id) DO UPDATE SET content = EXCLUDED.content, author_id = EXCLUDED.author_id, user_id = EXCLUDED.user_id;
INSERT INTO posts (id, content, type, created_at, author_id, user_id, likes_count) VALUES (106, 'Working on a side project: a decentralized social network for cats. Stay tuned.', 'text', '2026-05-04 03:31:00', 104, 104, 0) ON CONFLICT (id) DO UPDATE SET content = EXCLUDED.content, author_id = EXCLUDED.author_id, user_id = EXCLUDED.user_id;
INSERT INTO posts (id, content, type, created_at, author_id, user_id, likes_count) VALUES (107, 'Is it just me or is Vibe Coding the most productive way to work?', 'text', '2026-05-04 14:31:00', 109, 109, 0) ON CONFLICT (id) DO UPDATE SET content = EXCLUDED.content, author_id = EXCLUDED.author_id, user_id = EXCLUDED.user_id;
INSERT INTO posts (id, content, type, created_at, author_id, user_id, likes_count) VALUES (108, 'PostgreSQL is still the king of databases. Change my mind.', 'text', '2026-05-04 09:31:00', 105, 105, 0) ON CONFLICT (id) DO UPDATE SET content = EXCLUDED.content, author_id = EXCLUDED.author_id, user_id = EXCLUDED.user_id;
INSERT INTO posts (id, content, type, created_at, author_id, user_id, likes_count) VALUES (109, 'Writing clean code is like writing a good book. It should be easy to read and hard to put down.', 'text', '2026-05-04 17:31:00', 103, 103, 0) ON CONFLICT (id) DO UPDATE SET content = EXCLUDED.content, author_id = EXCLUDED.author_id, user_id = EXCLUDED.user_id;
INSERT INTO posts (id, content, type, created_at, author_id, user_id, likes_count) VALUES (110, 'Automation is not about saving time, it''s about consistency. #DevOps', 'text', '2026-05-04 18:31:00', 102, 102, 0) ON CONFLICT (id) DO UPDATE SET content = EXCLUDED.content, author_id = EXCLUDED.author_id, user_id = EXCLUDED.user_id;
INSERT INTO posts (id, content, type, created_at, author_id, user_id, likes_count) VALUES (111, 'Fixed a bug today that''s been haunting me for weeks. It was a typo. Naturally.', 'text', '2026-05-04 19:31:00', 106, 106, 0) ON CONFLICT (id) DO UPDATE SET content = EXCLUDED.content, author_id = EXCLUDED.author_id, user_id = EXCLUDED.user_id;
INSERT INTO posts (id, content, type, created_at, author_id, user_id, likes_count) VALUES (112, 'Exploring Kubernetes operators. High learning curve but so powerful.', 'text', '2026-05-05 10:31:00', 101, 101, 0) ON CONFLICT (id) DO UPDATE SET content = EXCLUDED.content, author_id = EXCLUDED.author_id, user_id = EXCLUDED.user_id;
INSERT INTO posts (id, content, type, created_at, author_id, user_id, likes_count) VALUES (113, 'TypeScript is not a choice, it''s a lifestyle. Type safety for life!', 'text', '2026-05-04 16:31:00', 100, 100, 0) ON CONFLICT (id) DO UPDATE SET content = EXCLUDED.content, author_id = EXCLUDED.author_id, user_id = EXCLUDED.user_id;
INSERT INTO posts (id, content, type, created_at, author_id, user_id, likes_count) VALUES (114, 'Building a high-performance API with Go. The simplicity is refreshing.', 'text', '2026-05-04 19:31:00', 104, 104, 0) ON CONFLICT (id) DO UPDATE SET content = EXCLUDED.content, author_id = EXCLUDED.author_id, user_id = EXCLUDED.user_id;
INSERT INTO posts (id, content, type, created_at, author_id, user_id, likes_count) VALUES (115, 'Cybersecurity is everyone''s responsibility. Check your dependencies!', 'text', '2026-05-04 09:31:00', 102, 102, 0) ON CONFLICT (id) DO UPDATE SET content = EXCLUDED.content, author_id = EXCLUDED.author_id, user_id = EXCLUDED.user_id;
INSERT INTO posts (id, content, type, created_at, author_id, user_id, likes_count) VALUES (116, 'Scaling a startup from 0 to 1M users. Lessons learned: monitor everything.', 'text', '2026-05-03 14:31:00', 106, 106, 0) ON CONFLICT (id) DO UPDATE SET content = EXCLUDED.content, author_id = EXCLUDED.author_id, user_id = EXCLUDED.user_id;
INSERT INTO posts (id, content, type, created_at, author_id, user_id, likes_count) VALUES (117, 'Just pushed my first open source contribution! Feels great to give back.', 'text', '2026-05-04 12:31:00', 100, 100, 0) ON CONFLICT (id) DO UPDATE SET content = EXCLUDED.content, author_id = EXCLUDED.author_id, user_id = EXCLUDED.user_id;
INSERT INTO posts (id, content, type, created_at, author_id, user_id, likes_count) VALUES (118, 'Python for data science is just unbeatable. The ecosystem is too good.', 'text', '2026-05-05 04:31:00', 108, 108, 0) ON CONFLICT (id) DO UPDATE SET content = EXCLUDED.content, author_id = EXCLUDED.author_id, user_id = EXCLUDED.user_id;
INSERT INTO posts (id, content, type, created_at, author_id, user_id, likes_count) VALUES (119, 'Vite is so fast it makes me feel like I''m working in the future.', 'text', '2026-05-05 07:31:00', 108, 108, 0) ON CONFLICT (id) DO UPDATE SET content = EXCLUDED.content, author_id = EXCLUDED.author_id, user_id = EXCLUDED.user_id;